name,run_time,spearman_avg,spearman_var,spearman_med,mae_avg,mae_var,mae_med
m1_val_mlp_0.0001_alpha_relu_activation_hidden_layers_200,75.37232804298401,0.80997069040382119,0.018284770543757638,0.83738601823708203,15.501864861339254,62.696969086175315,11.630932160052271
m1_val_mlp_0.0001_alpha_tanh_activation_hidden_layers_200,187.32040405273438,0.71711354754667811,0.090835490303210989,0.80446699956578371,17.348375470883568,64.448190940506962,16.175809962389511
m1_val_mlp_base_line,74.14278817176819,0.80959075119409485,0.027559120591053834,0.86783543204515845,14.553942692630688,46.823050103696588,13.478763439866293
